{
  "overall": {},
  "task_detection": {},
  "action_localization": {
    "phase_recall": 0.7493036211699164,
    "phase_precision": 0.6691542288557214,
    "phase_f1": 0.7069645203679369,
    "mean_temporal_iou": 0.31599689919796425,
    "mean_spatial_iou": 0.0,
    "mean_phase_accuracy": 0.0,
    "total_matched_phases": 269,
    "total_gt_phases": 359,
    "total_pred_phases": 402,
    "fully_correct_samples": 0,
    "total_samples": 131,
    "sample_accuracy": 0.0,
    "num_samples": 131
  },
  "target_location": {
    "map": 0.0,
    "map_50": 0.0,
    "map_75": 0.0,
    "map_small": 0.0,
    "map_medium": 0.0,
    "map_large": 0.0,
    "mar_1": 0.0,
    "mar_10": 0.0,
    "mar_100": 0.0,
    "mar_small": 0.0,
    "mar_medium": 0.0,
    "mar_large": 0.0,
    "map_per_class": -1.0,
    "mar_100_per_class": -1.0,
    "classes": 1,
    "iou": 0.0010455782758072019,
    "num_samples": 115
  },
  "poc_grounding_only_video": {
    "num_samples": 131
  },
  "Initial Location": {
    "map": 0.010861781425774097,
    "map_50": 0.026491837576031685,
    "map_75": 0.0030645921360701323,
    "map_small": 0.0,
    "map_medium": 0.023606788367033005,
    "map_large": 0.007310992572456598,
    "mar_1": 0.040458016097545624,
    "mar_10": 0.040458016097545624,
    "mar_100": 0.040458016097545624,
    "mar_small": 0.0,
    "mar_medium": 0.04218750074505806,
    "mar_large": 0.03999999910593033,
    "map_per_class": -1.0,
    "mar_100_per_class": -1.0,
    "classes": 1,
    "iou": 0.08595147728919983
  },
  "Interacted Object": {
    "accuracy": 0.0916030534351145,
    "precision": 1.0,
    "recall": 0.0916030534351145,
    "f1_score": 0.16783216783216784
  },
  "object_detection": {
    "map": 0.17412589490413666,
    "map_50": 0.2872098684310913,
    "map_75": 0.18919141590595245,
    "map_small": 0.1514851450920105,
    "map_medium": 0.21380650997161865,
    "map_large": 0.1560475081205368,
    "mar_1": 0.36511626839637756,
    "mar_10": 0.36511626839637756,
    "mar_100": 0.36511626839637756,
    "mar_small": 0.15000000596046448,
    "mar_medium": 0.3531250059604645,
    "mar_large": 0.3841269910335541,
    "map_per_class": -1.0,
    "mar_100_per_class": -1.0,
    "classes": 1,
    "iou": 0.45094940066337585,
    "num_samples": 129
  }
}