{
  "overall": {},
  "task_detection": {
    "accuracy": 0.2900763358778626,
    "mean_confidence": 0.9277862595419848,
    "weighted_accuracy": 0.2719847328244274,
    "num_equivalent": 38,
    "num_total": 131,
    "num_errors": 0,
    "num_samples": 131
  },
  "action_localization": {
    "phase_recall": 0.9554317548746518,
    "phase_precision": 1.045731707317073,
    "phase_f1": 0.9985443959243085,
    "mean_temporal_iou": 0.5328959447149796,
    "mean_spatial_iou": 0.0,
    "mean_phase_accuracy": 0.8688046647230321,
    "total_matched_phases": 343,
    "total_gt_phases": 359,
    "total_pred_phases": 328,
    "fully_correct_samples": 0,
    "total_samples": 131,
    "sample_accuracy": 0.0,
    "num_samples": 131
  },
  "target_location": {
    "map": 0.013935239985585213,
    "map_50": 0.0466487742960453,
    "map_75": 0.008413239382207394,
    "map_small": 0.0,
    "map_medium": 0.020954804494976997,
    "map_large": 0.05412163585424423,
    "mar_1": 0.08695652335882187,
    "mar_10": 0.08695652335882187,
    "mar_100": 0.08695652335882187,
    "mar_small": 0.0,
    "mar_medium": 0.08533333241939545,
    "mar_large": 0.12413793057203293,
    "map_per_class": -1.0,
    "mar_100_per_class": -1.0,
    "classes": 1,
    "iou": 0.2081998735666275,
    "num_samples": 115
  },
  "poc_grounding_only_video": {
    "num_samples": 131
  },
  "Initial Location": {
    "map": 0.0968082919716835,
    "map_50": 0.22757044434547424,
    "map_75": 0.06106371060013771,
    "map_small": 0.0,
    "map_medium": 0.04151659458875656,
    "map_large": 0.15953415632247925,
    "mar_1": 0.25114503502845764,
    "mar_10": 0.25114503502845764,
    "mar_100": 0.25114503502845764,
    "mar_small": 0.0,
    "mar_medium": 0.12968750298023224,
    "mar_large": 0.3784615397453308,
    "map_per_class": -1.0,
    "mar_100_per_class": -1.0,
    "classes": 1,
    "iou": 0.42375102639198303
  },
  "Interacted Object": {
    "accuracy": 0.4961832061068702,
    "precision": 1.0,
    "recall": 0.4961832061068702,
    "f1_score": 0.6632653061224489
  },
  "object_detection": {
    "map": 0.11455702036619186,
    "map_50": 0.23061901330947876,
    "map_75": 0.11390016973018646,
    "map_small": 0.0,
    "map_medium": 0.03224790841341019,
    "map_large": 0.21803593635559082,
    "mar_1": 0.2679687440395355,
    "mar_10": 0.2679687440395355,
    "mar_100": 0.2679687440395355,
    "mar_small": 0.0,
    "mar_medium": 0.11746031790971756,
    "mar_large": 0.42698413133621216,
    "map_per_class": -1.0,
    "mar_100_per_class": -1.0,
    "classes": 1,
    "iou": 0.433993935585022,
    "num_samples": 128
  },
  "roboG_reasoning_eval": {
    "accuracy": 0.33587786259541985,
    "mean_confidence": 0.9250381679389313,
    "weighted_accuracy": 0.3147328244274809,
    "num_equivalent": 44,
    "num_total": 131,
    "num_errors": 0,
    "num_samples": 131
  }
}